"Event","Score"
"1","3.00000000"
"29","3.50000000"
